{"cameraMode":{"drawMode":0,"name":"Shaded","section":"Shading Mode"},"sceneLighting":true,"audioPlay":false,"sceneViewState":{"m_AlwaysRefresh":true,"showFog":true,"showSkybox":true,"showFlares":true,"showImageEffects":true,"showParticleSystems":true,"showVisualEffectGraphs":true,"m_FxEnabled":true},"in2DMode":false,"pivot":{"x":-0.1676369607448578,"y":62.13901138305664,"z":4.910454750061035},"rotation":{"x":0.043795861303806308,"y":0.0003111362166237086,"z":-0.000007613901743752649,"w":0.9990479350090027},"size":136.22250366210938,"orthographic":false}