{"cameraMode":{"drawMode":0,"name":"Shaded","section":"Shading Mode"},"sceneLighting":false,"audioPlay":false,"sceneViewState":{"m_AlwaysRefresh":true,"showFog":true,"showSkybox":false,"showFlares":true,"showImageEffects":true,"showParticleSystems":true,"showVisualEffectGraphs":true,"m_FxEnabled":true},"in2DMode":false,"pivot":{"x":3.190000057220459,"y":1.709198236465454,"z":-0.08751678466796875},"rotation":{"x":0.0901837944984436,"y":-0.008652844466269017,"z":0.000789664511103183,"w":0.9958943724632263},"size":1.2247449159622193,"orthographic":false}